t,predicted_x,predicted_y
6.049405472717034,59.65720348729098,46.03229588803904
6.085393308093706,59.68934086722229,46.048607982094325
6.121381143470377,59.721548790733884,46.064797890951105
6.15736897884705,59.753827287565066,46.08086556309934
6.193356814223721,59.786176379202175,46.096810961323555
6.229344649600393,59.818596078858164,46.11263406273821
6.265332484977065,59.85108639145323,46.12833485882129
6.301320320353737,59.88364731359624,46.1439133554464
6.337308155730408,59.916278833567205,46.15936957291317
6.373295991107081,59.94898093130066,46.17470354597606
6.409283826483753,59.98175357836996,46.1899153238715
6.445271661860424,60.01459673797258,46.20500497034342
6.4812594972370965,60.04751036491635,46.21997256366705
6.517247332613768,60.080494405606615,46.234818196671114
6.55323516799044,60.11354879803443,46.24954197675841
6.5892230033671115,60.14667347176565,46.264144025924566
6.625210838743784,60.17986834793103,46.278624480775285
6.661198674120455,60.21313333921728,46.29298349254179
6.6971865094971275,60.24646834985913,46.307221227094566
6.733174344873799,60.27987327563228,46.32133786495557
6.769162180250471,60.3133480038475,46.335333601308534
6.805150015627143,60.34689241334551,46.34920864600771
6.841137851003815,60.380506374492995,46.36296322358478
6.877125686380487,60.4141897491796,46.3765975732542
6.913113521757158,60.44794239081582,46.39011194891671
6.949101357133831,60.481764144331976,46.40350661916117
6.985089192510502,60.51565484617817,46.4167818672646
7.021077027887174,60.54961432432522,46.42993799119064
7.057064863263846,60.58364239826659,46.44297530358611
7.093052698640518,60.61773887902135,46.45589413177593
7.129040534017189,60.651903569138156,46.468694817756244
7.165028369393862,60.68613626270016,46.481377718185875
7.201016204770534,60.720436745331014,46.49394320437597
7.237004040147205,60.75480479420183,46.50639166227786
7.272991875523877,60.78924017803921,46.518723492469334
7.308979710900549,60.82374265713418,46.53093911013891
7.344967546277221,60.85831198335227,46.54303894506858
7.380955381653893,60.892947900144506,46.555023441614686
7.416943217030565,60.92765014255947,46.56689305868705
7.452931052407236,60.962418437256375,46.57864826972632
7.488918887783909,60.99725250251911,46.590289562679644
7.52490672316058,61.03215204827138,46.60181743997446
7.560894558537252,61.06711677609277,46.613232418490625
7.5968823939139245,61.10214637923594,46.62453502953074
7.632870229290596,61.13724054264472,46.63572581878865
7.668858064667267,61.17239894297331,46.646805346316334
7.7048459000439395,61.20762124860647,46.65777418648888
7.740833735420612,61.24290711968071,46.66863292796776
7.776821570797283,61.27825620810651,46.67938217366232
7.8128094061739555,61.313668157591614,46.6900225406896
7.848797241550627,61.3491426036652,46.7005546603322
7.884785076927299,61.38467917370325,46.710979177994616
7.9207729123039705,61.420277486954745,46.72129675315762
7.956760747680643,61.45593715456908,46.73150805933099
7.992748583057315,61.491657779624276,46.74161378400449
8.028736418433986,61.527438957156384,46.751614628597046
8.064724253810658,61.56328027418979,46.76151130840415
8.10071208918733,61.599181309768596,46.77130455254363
8.136699924564002,61.63514163498894,46.780995103899556
8.172687759940674,61.671160813032415,46.79058371906444
8.208675595317345,61.70723839920039,46.80007116827974
8.244663430694018,61.743373940949425,46.80945823537455
8.28065126607069,61.77956697792763,46.81874571770259
8.316639101447361,61.81581704201203,46.827934426077526
8.352626936824034,61.852123657346965,46.83702518470645
8.388614772200706,61.888486340383416,46.84601883112172
8.424602607577377,61.924904599919415,46.85491621611105
8.460590442954048,61.961377937141336,46.86371820364592
8.49657827833072,61.99790584566627,46.87242567080821
8.532566113707393,62.034487811585315,46.88103950771523
8.568553949084064,62.0711233135079,46.88956061744292
8.604541784460736,62.10781182260702,46.89798991594749
8.640529619837409,62.14455280266555,46.90632833198532
8.67651745521408,62.18134571012338,46.91457680703111
8.712505290590752,62.21818999412568,46.92273629519448
8.748493125967425,62.25508509657202,46.9308077631348
8.784480961344096,62.292030452166436,46.938792189974414
8.820468796720768,62.3290254884686,46.94669056721018
8.856456632097439,62.36606962594576,46.95450389862337
8.89244446747411,62.403162278025725,46.96223320018791
8.928432302850783,62.44030285115079,46.96987949997703
8.964420138227455,62.477490744832586,46.97744383806824
9.000407973604126,62.51472535170785,46.98492726644668
9.0363958089808,62.552006057595186,46.99233084890694
9.07238364435747,62.58933224155266,46.999655660953145
9.108371479734142,62.62670327593639,47.00690278969757
9.144359315110815,62.664118526460044,47.01407333375759
9.180347150487487,62.7015773522552,47.021168403151066
9.216334985864158,62.739079105932674,47.02818911919019
9.25232282124083,62.7766231336447,47.035136614373734
9.2883106566175,62.814208775148046,47.04201203227778
9.324298491994174,62.851835363868005,47.04881652744486
9.360286327370845,62.88950222696323,47.055551265271625
9.396274162747517,62.92720868539152,47.06221742189495
9.43226199812419,62.964954053976435,47.06881618407654
9.468249833500861,63.00273764147478,47.07534874908603
9.504237668877533,63.04055875064497,47.08181632458261
9.540225504254206,63.07841667831621,47.08822012849514
9.576213339630877,63.11631071545857,47.09456138890082
9.612201175007549,63.154240147253866,47.100841343902395
9.64818901038422,63.19220425316743,47.107061241503914
9.684176845760891,63.230202307020605,47.11322233948505
9.720164681137565,63.268233577064194,47.119325905273996
9.756152516514236,63.3062973260526,47.12537321581896
9.792140351890907,63.344392811318876,47.13136555745825
9.82812818726758,63.38251928485052,47.13730422578894
9.864116022644252,63.42067599336603,47.14319052553424
9.900103858020923,63.45886217839238,47.14902577040946
9.936091693397596,63.4970770763431,47.15481128298655
9.972079528774268,63.53531991859728,47.16054839455748
10.00806736415094,63.573589931579214,47.16623844499611
10.04405519952761,63.61188633683889,47.17188278261889
10.080043034904282,63.650208351133216,47.17748276404414
10.116030870280955,63.68855518650791,47.18303975405018
10.152018705657627,63.72692605038023,47.1885551254321
10.188006541034298,63.765320145622354,47.194030258857296
10.223994376410971,63.8037366706455,47.199466542719776
10.259982211787642,63.842174819484754,47.20486537299322
10.295970047164314,63.88063378188461,47.21022815308289
10.331957882540987,63.91911274338517,47.215556293676244
10.367945717917658,63.957610885409046,47.220851212592464
10.40393355329433,63.99612738534891,47.226114334630765
10.439921388671003,64.0346614166558,47.23134709141755
10.475909224047673,64.07321214892791,47.23655092125245
10.511897059424346,64.1117787480002,47.2417272689533
10.547884894801017,64.15036037603458,47.24687758569985
10.583872730177688,64.18895619161063,47.252003328876576
10.619860565554362,64.22756534981708,47.257105961914306
10.655848400931033,64.26618700234387,47.262186954130804
10.691836236307704,64.30482029757471,47.26724778057036
10.727824071684378,64.34346438068032,47.27228992184232
10.763811907061049,64.38211839371226,47.2773148639586
10.79979974243772,64.42078147569724,47.28232409817027
10.835787577814394,64.45945276273216,47.287319120803126
10.871775413191063,64.4981313880794,47.292301433092256
10.907763248567736,64.53681648226309,47.29727254101582
10.943751083944408,64.57550717316542,47.30223395512775
10.979738919321079,64.61420258612388,47.30718719038963
11.015726754697752,64.65290184402875,47.312133766001715
11.051714590074424,64.69160406742121,47.317075205232996
11.087702425451095,64.73030837459194,47.32201303525053
11.123690260827768,64.7690138816801,47.32694878694783
11.15967809620444,64.80771970277289,47.33188399477258
11.195665931581111,64.84642495000551,47.33682019655336
11.231653766957784,64.8851287336616,47.34175893332583
11.267641602334454,64.92383016227404,47.34670174915799
11.303629437711127,64.9625283427263,47.351650190974766
11.339617273087798,65.00122238035405,47.3566058083819
11.37560510846447,65.03991137904734,47.361570153489076
11.411592943841143,65.07859444135299,47.36654478073246
11.447580779217814,65.11727066857753,47.371531246696506
11.483568614594486,65.15593916089043,47.376531109935165
11.519556449971159,65.1945990174276,47.381545930792434
11.55554428534783,65.23324933639545,47.38657727122238
11.591532120724501,65.27188921517507,47.391626694608505
11.627519956101175,65.31051775042685,47.39669576558261
11.663507791477844,65.34913403819542,47.40178604984306
11.699495626854517,65.38773717401477,47.406899113972614
11.735483462231189,65.42632625301384,47.41203652525568
11.77147129760786,65.46490037002218,47.417199851495134
11.807459132984533,65.50345861967607,47.42239066082866
11.843446968361205,65.54200009652475,47.42761052154468
11.879434803737876,65.58052389513696,47.43286100189784
11.91542263911455,65.61902911020772,47.43814366992413
11.95141047449122,65.65751483666521,47.443460093255595
11.987398309867892,65.69598016977803,47.44881183893471
12.023386145244565,65.7344242052625,47.45420047322845
12.059373980621235,65.77284603939023,47.45962756144199
12.095361815997908,65.81124476909584,47.46509466773221
12.13134965137458,65.84961949208478,47.47060335492077
12.16733748675125,65.88796930694137,47.47615518430715
12.203325322127924,65.92629331323693,47.4817517154813
12.239313157504595,65.96459061163797,47.487394506136155
12.275300992881267,66.00286030401469,47.493085111879935
12.31128882825794,66.04110149354925,47.49882508604832
12.347276663634611,66.07931328484445,47.504615979516515
12.383264499011283,66.1174947840322,47.51045934051107
12.419252334387956,66.15564509888233,47.51635671442178
12.455240169764625,66.19376333891107,47.52230964361335
12.491228005141298,66.23184861548998,47.528319667237135
12.52721584051797,66.26990004195453,47.534388321042776
12.563203675894641,66.30791673371296,47.54051713718987
12.599191511271314,66.34589780835489,47.54670764405964
12.635179346647986,66.38384238576018,47.5529613660666
12.671167182024657,66.42174958820745,47.55927982347038
12.70715501740133,66.45961854048282,47.5656645321876
12.743142852778002,66.49744836998842,47.572117003603694
12.779130688154673,66.53523820685092,47.57863874438516
12.815118523531346,66.57298718402988,47.585231256291685
12.851106358908016,66.61069443742613,47.59189603598861
12.887094194284689,66.64835910598991,47.59863457485949
12.92308202966136,66.68598033182894,47.605448358818926
12.959069865038032,66.72355726031641,47.61233886812563
12.995057700414705,66.76108904019867,47.61930757719578
13.031045535791376,66.7985748237029,47.626355954416546
13.067033371168048,66.83601376664454,47.63348546196008
13.103021206544721,66.87340502853455,47.640697555597704
13.139009041921392,66.91074777268639,47.64799368451456
13.174996877298064,66.94804116632295,47.65537529112456
13.210984712674737,66.98528438068303,47.66284381088573
13.246972548051406,67.02247659112776,47.67040067211604
13.28296038342808,67.0596169772467,47.678047295809606
13.318948218804751,67.09670472296366,47.68578509545343
13.354936054181422,67.1337390166422,47.69361547684458
13.390923889558096,67.17071905119094,47.701539837907816
13.426911724934767,67.2076440241685,47.70955956851395
13.462899560311438,67.24451313788808,47.71767605029854
13.498887395688111,67.28132559952176,47.72589065648131
13.534875231064783,67.31808062120449,47.73420475168607
13.570863066441454,67.35477742013758,47.74261969176136
13.606850901818127,67.391415218692,47.75113682360169
13.642838737194797,67.42799324451113,47.759757484969406
13.67882657257147,67.4645107306132,47.76848300431732
13.714814407948142,67.50096691549335,47.77731470061202
13.750802243324813,67.53736104322513,47.78625388315793
13.786790078701486,67.5736923635617,47.79530185142211
13.822777914078157,67.60996013203655,47.80445989485985
13.858765749454829,67.64616361006361,47.813729292741044
13.894753584831502,67.68230206503719,47.823111313977435
13.930741420208173,67.71837477043107,47.832607216950656
13.966729255584845,67.7543810058974,47.842218249341194
14.002717090961518,67.79032005736487,47.851945647958175
14.038704926338188,67.82619121713644,47.86179063857014
14.07469276171486,67.86199378398658,47.871754435736705
14.110680597091532,67.89772706325782,47.88183824264118
14.146668432468205,67.93339036695687,47.892043250924225
14.182656267844877,67.96898301385008,47.90237064051837
14.218644103221548,68.00450432955839,47.912821579483754
14.25463193859822,68.03995364665153,47.92339722384474
14.290619773974893,68.07533030474175,47.93409871742767
14.326607609351564,68.11063365057696,47.94492719169969
14.362595444728235,68.14586303813293,47.95588376560872
14.398583280104907,68.18101782870528,47.96696954542445
14.43457111548158,68.2160973910004,47.97818562458066
14.470558950858251,68.25110110122598,47.9895330835185
14.506546786234923,68.2860283431807,48.001012989531155
14.542534621611596,68.32087850834323,48.01262639660961
14.578522456988267,68.3556509959606,48.02437434528968
14.614510292364939,68.39034521313577,48.03625786250027
14.65049812774161,68.4249605749145,48.04827796141299
14.686485963118283,68.45949650437137,48.06043564129298
14.722473798494955,68.49395243269531,48.07273188735109
14.758461633871626,68.528327799274,48.08516767059737
14.794449469248297,68.56262205177771,48.09774394769596
14.83043730462497,68.59683464624237,48.11046166082134
14.866425140001642,68.63096504715169,48.123321737515965
14.902412975378313,68.66501272751854,48.136325090549306
14.938400810754986,68.69897716896551,48.149472617778336
14.974388646131658,68.73285786180459,48.16276520200954
15.01037648150833,68.76665430511606,48.176203710862275
15.046364316885,68.80036600682647,48.18978899663374
15.082352152261674,68.83399248378568,48.203521896165356
15.118339987638345,68.86753326184322,48.21740323071078
15.154327823015016,68.9009878759235,48.231433805805395
15.190315658391688,68.93435587010035,48.24561441113743
15.226303493768361,68.96763679767038,48.25994582042061
15.262291329145032,69.00083022122575,48.27442879126842
15.298279164521704,69.03393571272565,48.289064065070086
15.334266999898377,69.06695285356707,48.30385236686806
15.370254835275048,69.09988123465453,48.318794405237284
15.40624267065172,69.13272045646886,48.333890872166045
15.442230506028391,69.16547012913492,48.349142442938614
15.478218341405064,69.19812987248844,48.3645497760195
15.514206176781736,69.23069931614182,48.38011351293957
15.550194012158407,69.26317809954894,48.395834278183735
15.586181847535078,69.29556587206883,48.41171267908059
15.622169682911752,69.3278622930285,48.42774930569372
15.658157518288423,69.3600670317846,48.443944730714854
15.694145353665094,69.39217976778404,48.4602995093588
15.730133189041767,69.42420019062365,48.476814179260224
15.766121024418439,69.45612800010863,48.49348926037234
15.80210885979511,69.48796290631003,48.510325254867375
15.838096695171782,69.5197046296211,48.527322647038936
15.874084530548455,69.55135290081257,48.544481903206304
15.910072365925126,69.58290746108682,48.56180347162065
15.946060201301798,69.61436806213084,48.579287782373115
15.982048036678469,69.64573446616829,48.59693524730487
16.018035872055144,69.67700644601022,48.614746259919166
16.054023707431814,69.70818378510477,48.63272119529526
16.090011542808483,69.7392662775856,48.65086041000445
16.125999378185156,69.77025372831937,48.669164242027996
16.16198721356183,69.80114595295186,48.687633010677125
16.197975048938503,69.831942777953,48.70626701651504
16.233962884315172,69.86264404066074,48.72506654128098
16.269950719691845,69.89324958932373,48.7440318478163
16.305938555068515,69.92375928314274,48.76316317999269
16.341926390445188,69.95417299231097,48.782460762642366
16.37791422582186,69.98449059805309,48.80192480149047
16.413902061198534,70.01471199266305,48.82155548308951
16.449889896575204,70.04483707954078,48.841352974755914
16.485877731951874,70.07486577322754,48.861317424508755
16.521865567328547,70.10479799944005,48.88144896101056
16.55785340270522,70.13463369510345,48.90174769351036
16.593841238081893,70.16437280838288,48.92221371178878
16.629829073458563,70.19401529871399,48.94284708610544
16.665816908835236,70.22356113683206,48.963647867148424
16.701804744211906,70.25301030479979,48.984616085986055
16.73779257958858,70.28236279603396,49.005751754020764
16.773780414965252,70.31161861533081,49.027054862945306
16.809768250341925,70.34077777888996,49.048525384701044
16.845756085718595,70.36984031433718,49.07016327143865
16.881743921095264,70.3988062607459,49.091968455480924
16.917731756471937,70.42767566865729,49.1139408492879
16.95371959184861,70.45644860009907,49.13608034542426
16.989707427225284,70.48512512860313,49.15838681652893
17.025695262601953,70.51370533922162,49.18086011528711
17.061683097978626,70.54218932854188,49.203500074404424
17.097670933355296,70.57057720469999,49.22630650658347
17.13365876873197,70.598869087393,49.24927920450267
17.169646604108642,70.62706510788978,49.27241794079742
17.205634439485316,70.65516540904059,49.295722468043536
17.241622274861985,70.68317014528526,49.31919251874307
17.277610110238655,70.71107948266008,49.34282780531246
17.313597945615328,70.73889359880327,49.36662802007295
17.349585780992,70.76661268295908,49.39059283524349
17.385573616368674,70.79423693598068,49.41472190293584
17.421561451745344,70.82176657033148,49.43901485515215
17.457549287122017,70.84920181008523,49.46347130378486
17.493537122498687,70.87654289092475,49.488090840618945
17.52952495787536,70.90379006013919,49.512873037336576
17.565512793252033,70.93094357661997,49.53781744552416
17.601500628628706,70.95800371085537,49.562923596681706
17.637488464005376,70.98497074492374,49.58819100223465
17.673476299382045,71.0118449724853,49.61361915354805
17.70946413475872,71.03862669877256,49.63920752194314
17.74545197013539,71.0653162405793,49.66495555871633
17.781439805512065,71.09191392624837,49.69086269516057
17.817427640888734,71.11842009565777,49.716928342589156
17.853415476265408,71.14483510020574,49.74315189236191
17.889403311642077,71.17115930279407,49.76953271591376
17.92539114701875,71.1973930778103,49.796070164785775
17.961378982395424,71.22353681110839,49.82276357065858
17.997366817772097,71.24959089998801,49.84961224538819
18.033354653148766,71.2755557531725,49.87661548104421
18.069342488525436,71.30143179078539,49.903772549950595
18.10533032390211,71.3272194443255,49.93108270472864
18.141318159278782,71.3529191566407,49.95854517834248
18.177305994655455,71.37853138190025,49.98615918414707
18.213293830032125,71.4040565855657,50.0139239159384
18.249281665408798,71.42949524436054,50.0418385480063
18.285269500785468,71.4548478462383,50.06990223518958
18.32125733616214,71.48011489034927,50.09811411293358
18.357245171538814,71.50529688700598,50.12647329735011
18.393233006915487,71.53039435764714,50.154978885279895
18.429220842292157,71.55540783480019,50.183629954357286
18.465208677668826,71.5803378620426,50.21242556307751
18.5011965130455,71.60518499396161,50.241364750866204
18.537184348422173,71.62994979611274,50.27044653815143
18.573172183798846,71.65463284497679,50.29966992643806
18.609160019175516,71.67923472791554,50.329033898384516
18.64514785455219,71.70375604312605,50.358537417881976
18.68113568992886,71.7281973995936,50.388179430135864
18.71712352530553,71.75255941704319,50.41795886174981
18.753111360682205,71.77684272588976,50.44787462081191
18.789099196058878,71.80104796718699,50.477925596983425
18.825087031435547,71.82517579257473,50.508110661589754
18.861074866812217,71.84922686422513,50.53842866771388
18.89706270218889,71.87320185478733,50.568878450292054
18.933050537565563,71.89710144733081,50.5994588262119
18.969038372942236,71.92092633528748,50.63016859441282
19.005026208318906,71.94467722239233,50.66100653598876
19.04101404369558,71.9683548226227,50.69197141429328
19.07700187907225,71.9919598601364,50.72306197504693
19.112989714448922,72.01549306920829,50.754276946447014
19.148977549825595,72.03895519416557,50.78561503927952
19.18496538520227,72.06234698932188,50.817074947033454
19.220953220578938,72.08566921891,50.84865534601745
19.256941055955608,72.10892265701308,50.88035489547863
19.29292889133228,72.1321080874949,50.912172237723674
19.328916726708954,72.15522630392846,50.944105998242286
19.364904562085627,72.17827810952355,50.97615478583279
19.400892397462297,72.20126431705289,51.00831719273002
19.43688023283897,72.22418574877699,51.04059179473544
19.47286806821564,72.24704323636777,51.07297715134941
19.508855903592313,72.26983762083094,51.10547180590581
19.544843738968986,72.29256975242697,51.13807428570867
19.58083157434566,72.3152404905909,51.17078310217114
19.61681940972233,72.33785070385099,51.20359675095657
19.652807245098998,72.36040126974592,51.236513712121734
19.68879508047567,72.38289307474084,51.26953245026224
19.724782915852344,72.40532701414224,51.302651414660055
19.760770751229018,72.42770399201157,51.33586903943316
19.796758586605687,72.45002492107754,51.369183743687316
19.83274642198236,72.47229072264733,51.40259393166993
19.86873425735903,72.49450232651654,51.43609799292598
19.904722092735703,72.516660670878,51.46969430245609
19.940709928112376,72.53876670222934,51.50338122087652
19.97669776348905,72.5608213752793,51.537157094581325
20.01268559886572,72.58282565285313,51.571020255906504
20.04867343424239,72.60478050579655,51.60496902329612
20.084661269619062,72.62668691287865,51.63900170147049
20.120649104995735,72.64854586069379,51.67311658159625
20.156636940372408,72.67035834356207,51.70731194145849
20.192624775749078,72.69212536342903,51.74158604563482
20.22861261112575,72.71384792976392,51.77593714567127
20.26460044650242,72.73552705945703,51.81036348026028
20.300588281879094,72.7571637767159,51.84486327542039
20.336576117255767,72.77875911296046,51.87943474467798
20.37256395263244,72.80031410671697,51.9140760892508
20.40855178800911,72.8218298035111,51.94878549823331
20.44453962338578,72.84330725575974,51.98356114878396
20.480527458762452,72.86474752266197,52.01840120631418
20.516515294139126,72.88615167008881,52.05330382467919
20.5525031295158,72.90752077047205,52.0882671463706
20.58849096489247,72.92885590269202,52.12328930271078
20.62447880026914,72.95015815196447,52.15836841404894
20.66046663564581,72.97142860972625,52.1935025899589
20.696454471022484,72.99266837352019,52.22868992943864
20.732442306399157,73.01387854687897,52.26392852111142
20.76843014177583,73.03506023920797,52.29921644342867
20.8044179771525,73.0562145656672,52.334551764874426
20.84040581252917,73.0773426470524,52.36993254417144
20.876393647905843,73.09844560967508,52.40535683048887
20.912381483282516,73.11952458524168,52.44082266365149
20.94836931865919,73.14058071073185,52.476328074350576
20.98435715403586,73.16161512827598,52.511871084356194
21.020344989412532,73.18262898503154,52.54744970673109
21.0563328247892,73.20362343305891,52.58306194604602
21.092320660165875,73.22459962919609,52.61870579859655
21.128308495542548,73.24555873493279,52.654379252621354
21.16429633091922,73.26650191628352,52.69008028852182
21.20028416629589,73.28743034366,52.72580687908318
21.23627200167256,73.3083451917427,52.76155698969696
21.272259837049234,73.32924763935165,52.797328578584754
21.308247672425907,73.35013886931644,52.83311959702336
21.34423550780258,73.37102006834553,52.868927989571226
21.38022334317925,73.39189242689469,52.904751694296166
21.416211178555923,73.41275713903492,52.94058864300434
21.452199013932592,73.43361540231945,52.976436761470424
21.488186849309265,73.45446841765013,53.012293969669095
21.52417468468594,73.47531738914324,53.04815818200756
21.56016252006261,73.49616352399441,53.084027307559374
21.59615035543928,73.51700803234304,53.11989925029927
21.63213819081595,73.53785212713609,53.155771909339215
21.668126026192624,73.55869702399119,53.19164317916547
21.704113861569297,73.57954394105906,53.227510949876724
21.74010169694597,73.60039409888552,53.26337310742329
21.77608953232264,73.62124872027283,53.299227533847265
21.812077367699313,73.64210903014038,53.33507210752371
21.848065203075983,73.66297625538495,53.37090470340272
21.884053038452656,73.68385162474038,53.40672319325254
21.92004087382933,73.70473636863679,53.442525445903414
21.956028709206002,73.7256317190591,53.47830932749247
21.992016544582672,73.74653890940533,53.51407270170933
22.02800437995934,73.76745917434428,53.54981343004265
22.063992215336015,73.78839374967268,53.585529372027324
22.099980050712688,73.80934387217205,53.62121838549256
22.13596788608936,73.83031077946508,53.656878326810656
22.17195572146603,73.8512957098716,53.69250705114646
22.207943556842704,73.87229990226405,53.72810241270756
22.243931392219377,73.89332459592278,53.763662264995084
22.279919227596046,73.91437103039085,53.79918446105514
22.31590706297272,73.93544044532851,53.83466685373089
22.35189489834939,73.9565340803673,53.87010729591512
22.387882733726062,73.977653174964,53.90550364080343
22.423870569102736,73.99879896825409,53.94085374214784
22.459858404479405,74.01997269890506,53.97615545451098
22.49584623985608,74.0411756049694,54.01140663352069
22.53183407523275,74.0624089237374,54.04660513612503
22.56782191060942,74.0836738915896,54.081748820847665
22.603809745986094,74.10497174384925,54.116835548043696
22.639797581362767,74.1263037146343,54.15186318015579
22.675785416739437,74.14767103670943,54.18682958197056
22.71177325211611,74.16907494133778,54.2217326208753
22.74776108749278,74.19051665813271,54.256570167114965
22.783748922869453,74.21199741490918,54.2913400940493
22.819736758246126,74.23351843753524,54.32604027841025
22.855724593622796,74.25508094978335,54.360668600559414
22.89171242899947,74.27668617318159,54.39522294474578
22.927700264376142,74.2983353268649,54.42970119936342
22.96368809975281,74.32002962742615,54.46410125720933
22.999675935129485,74.34177028876736,54.49842101574128
23.035663770506158,74.36355852195075,54.53265837733566
23.071651605882828,74.38539553504991,54.566811249545374
23.1076394412595,74.40728253300092,54.60087754535759
23.14362727663617,74.42922071745366,54.63485518345145
23.179615112012844,74.45121128662296,54.66874208845569
23.215602947389517,74.47325543514008,54.70253619120603
23.251590782766186,74.49535435390406,54.73623542900252
23.28757861814286,74.51750922993344,54.76983774586659
23.323566453519533,74.53972124621784,54.803341092797815
23.359554288896202,74.56199158156991,54.83674342803058
23.395542124272875,74.58432141047736,54.87004271729028
23.43152995964955,74.60671190295518,54.90323693404928
23.467517795026218,74.62916422439812,54.93632405978248
23.50350563040289,74.65167953543332,54.969302084222534
23.53949346577956,74.67425899177321,55.00216900561456
23.575481301156234,74.69690374406873,55.034922830970515
23.611469136532907,74.71961493776276,55.067561576322994
23.647456971909577,74.74239371294385,55.100083266978515
23.68344480728625,74.7652412042003,55.13248593777036
23.719432642662923,74.78815854047454,55.16476763331072
23.755420478039593,74.81114684491796,55.19692640824227
23.791408313416266,74.83420723474588,55.228960327489176
23.82739614879294,74.85734082109315,55.260867466507285
23.86338398416961,74.88054870887005,55.29264591153379
23.899371819546282,74.9038319966186,55.32429375983604
23.93535965492295,74.92719177636931,55.3558091199596
23.971347490299625,74.95062913349848,55.3871901119756
24.007335325676298,74.97414514658577,55.41843486772715
24.043323161052967,74.99774088727253,55.44954153107499
24.07931099642964,75.02141742012044,55.48050825814221
24.115298831806314,75.04517580247074,55.51133321755804
24.151286667182983,75.06901708430404,55.54201459070074
24.187274502559656,75.09294230810063,55.572550571939495
24.22326233793633,75.11695250870147,55.60293936887526
24.259250173313,75.14104871316964,55.63317920258064
24.295238008689672,75.16523194065253,55.66326830783864
24.331225844066342,75.18950320224464,55.693204933380336
24.367213679443015,75.21386350085093,55.72298734212143
24.40320151481969,75.23831383105104,55.75261381139762
24.439189350196358,75.262855178964,55.7820826331988
24.47517718557303,75.2874885221137,55.811392114402025
24.511165020949704,75.3122148292952,55.84054057700324
24.547152856326374,75.33703506044161,55.86952635834768
24.583140691703047,75.36195016649182,55.89834781135907
24.61912852707972,75.38696108925905,55.92700330476735
24.65511636245639,75.41206876129999,55.9554912233351
24.691104197833063,75.43727410578504,55.9838099680826
24.727092033209733,75.46257803636912,56.01195795651135
24.763079868586406,75.48798145706347,56.03993362282627
24.79906770396308,75.51348526210825,56.06773541815626
24.83505553933975,75.53909033584603,56.0953618107734
24.87104337471642,75.56479755259616,56.12281128631047
24.907031210093095,75.59060777653012,56.15008234797698
24.943019045469764,75.61652186154764,56.17717351677354
24.979006880846438,75.64254065115396,56.204083331704666
25.01499471622311,75.66866497833792,56.23081034998982
25.05098255159978,75.69489566545097,56.257353147272845
25.086970386976454,75.72123352408744,56.28371031782968
25.122958222353123,75.74767935496548,56.309880474774275
25.158946057729796,75.77423394780926,56.33586225026277
25.19493389310647,75.80089808123209,56.36165429569585
25.23092172848314,75.82767252262069,56.3872552819193
25.266909563859812,75.85455802802043,56.41266389942266
25.302897399236485,75.88155534202178,56.43787885853604
25.338885234613155,75.90866519764774,56.462898889624974
25.374873069989828,75.93588831624243,56.487722743283385
25.4108609053665,75.96322540736094,56.51234919052453
25.44684874074317,75.99067716866008,56.536777022969986
25.482836576119844,76.01824428579057,56.561005053036645
25.518824411496514,76.04592743229018,56.585032114121546
25.554812246873187,76.07372726947823,56.60885706078479
25.59080008224986,76.1016444463512,56.63247876893025
25.62678791762653,76.12967959947967,56.65589613598418
25.662775753003203,76.15783335290637,56.67910808107168
25.698763588379876,76.18610631804556,56.70211354519099
25.734751423756546,76.21449909358373,56.724911491385576
25.77073925913322,76.24301226538151,56.74750090491401
25.806727094509892,76.27164640637682,56.769880793417535
25.84271492988656,76.30040207648956,56.79205018708544
25.878702765263235,76.32927982252735,56.81400813881807
25.914690600639904,76.35828017809283,56.83575372438757
25.950678436016577,76.38740366349217,56.85728604259622
25.98666627139325,76.41665078564505,56.878604215432425
26.02265410676992,76.44602203799596,56.89970738822431
26.058641942146593,76.47551790042694,56.920594729790906
26.094629777523267,76.50513883917168,56.9412654325909
26.130617612899936,76.53488530673107,56.96171871286888
26.16660544827661,76.56475774179023,56.98195381079911
26.202593283653282,76.59475656913692,57.00196999062685
26.238581119029952,76.62488219958138,57.021766540807036
26.274568954406625,76.65513502987781,57.041342774140546
26.310556789783295,76.68551544264714,57.060698027907726
26.346544625159968,76.71602380630145,57.07983166399948
26.38253246053664,76.74666047496977,57.09874306904564
26.41852029591331,76.77742578842552,57.117431654540745
26.454508131289984,76.80832007201543,57.13589685696711
26.490495966666657,76.83934363659,57.15413813791528
26.526483802043327,76.87049677843554,57.17215498420179
26.56247163742,76.90177977920773,57.1899469079841
26.598459472796673,76.93319290586689,57.207513446872916
26.634447308173343,76.96473641061466,57.22485416404169
26.670435143550016,76.99641053083243,57.24196864833335
26.706422978926685,77.02821548902129,57.25885651436426
26.74241081430336,77.0601514927437,57.27551740262536
26.77839864968003,77.09221873456664,57.291950979580406
26.8143864850567,77.12441739200663,57.3081569377615
26.850374320433374,77.15674762747616,57.32413499586162
26.886362155810048,77.18920958823199,57.33988489882436
26.922349991186717,77.22180340632491,57.35540641793069
26.95833782656339,77.25452919855148,57.37069935088286
26.994325661940064,77.28738706640716,57.38576352188539
27.030313497316733,77.32037709604133,57.40059878172303
27.066301332693406,77.35349935821392,57.41520500783581
27.102289168070076,77.38675390825388,57.4295821043911
27.13827700344675,77.42014078601923,57.443730002352716
27.174264838823422,77.45366001585896,57.457648659546926
27.210252674200092,77.4873116065766,57.47133806072551
27.246240509576765,77.52109555139566,57.484798217625766
27.282228344953438,77.55501182792663,57.49802916902745
27.318216180330108,77.58906039813598,57.51103098080665
27.35420401570678,77.62324120831678,57.52380374598665
27.390191851083454,77.65755418906114,57.53634758478553
27.426179686460124,77.69199925523445,57.54866264466093
27.462167521836797,77.72657630595145,57.56074910035143
27.498155357213466,77.76128522455403,57.57260715391501
27.53414319259014,77.79612587859096,57.58423703476424
27.570131027966813,77.83109811979924,57.59563899969838
27.606118863343482,77.86620178408751,57.606813332932354
27.642106698720156,77.9014366915211,57.61776034612247
27.67809453409683,77.93680264630905,57.628480378389014
27.7140823694735,77.97229943679282,57.63897379633568
27.75007020485017,78.00792683543706,57.64924099406574
27.786058040226845,78.04368459882198,57.65928239319508
27.822045875603514,78.07957246763779,57.669098442861916
27.858033710980187,78.11559016668087,57.67868961973343
27.894021546356857,78.15173740485184,57.688056428009055
27.93000938173353,78.18801387515558,57.697199399420576
27.965997217110203,78.22441925470294,57.70611909322898
28.001985052486873,78.26095320471451,57.714816096218044
28.037972887863546,78.29761537052619,57.723291022684705
28.07396072324022,78.33440538159662,57.7315445144261
28.10994855861689,78.37132285151658,57.73957724072338
28.145936393993562,78.40836737802019,57.74738989832227
28.181924229370235,78.44553854299802,57.75498321141028
28.217912064746905,78.4828359125122,57.762357931590714
28.253899900123578,78.52025903681326,57.76951483785333
28.289887735500248,78.55780745035901,57.77645473654175
28.32587557087692,78.59548067183525,57.78317846131753
28.361863406253594,78.63327820417838,57.78968687312099
28.397851241630264,78.67119953459999,57.79598086012872
28.433839077006937,78.70924413461326,57.80206133770775
28.46982691238361,78.74741146006129,57.807929248366456
28.50581474776028,78.78570095114742,57.81358556170216
28.541802583136953,78.82411203246738,57.81903127434542
28.577790418513626,78.86264411304332,57.82426740990101
28.613778253890295,78.90129658635982,57.82929501888556
28.64976608926697,78.94006883040181,57.83411517866197
28.685753924643638,78.97896020769434,57.838728993370424
28.72174176002031,79.01797006534433,57.843137593856206
28.757729595396984,79.05709773508411,57.84734213759408
28.793717430773654,79.09634253331703,57.85134380860951
28.829705266150327,79.13570376116482,57.85514381739645
28.865693101527,79.17518070451698,57.85874340083193
28.90168093690367,79.21477263408195,57.86214382208734
28.937668772280343,79.25447880544034,57.86534637053633
28.973656607657016,79.29429845909986,57.86835236165957
29.009644443033686,79.33423082055228,57.8711631369461
29.04563227841036,79.37427510033228,57.87378006379148
29.081620113787032,79.41443049407815,57.876204535392596
29.117607949163702,79.45469618259432,57.8784379706393
29.153595784540375,79.49507133191594,57.88048181400267
29.189583619917045,79.53555509337518,57.88233753542011
29.225571455293718,79.57614660366949,57.884006630177176
29.26155929067039,79.61684498493167,57.88549061878606
29.29754712604706,79.65764934480188,57.88679104686102
29.333534961423734,79.69855877650153,57.88790948499045
29.369522796800407,79.73957235890882,57.88884752860576
29.405510632177077,79.78068915663647,57.889606797847044
29.44149846755375,79.82190822011104,57.89018893742556
29.477486302930423,79.86322858565414,57.89059561648302
29.513474138307092,79.90464927556559,57.890828528447685
29.549461973683766,79.94616929820829,57.89088939088727
29.585449809060435,79.98778764809497,57.890779945358695
29.62143764443711,80.02950330597673,57.890501957254756
29.65742547981378,80.0713152389335,57.8900572156475
29.69341331519045,80.11322240046607,57.88944753312866
29.729401150567124,80.15522373059022,57.88867474564678
29.765388985943797,80.19731815593241,57.88774071234139
29.801376821320467,80.23950458982735,57.88664731537404
29.83736465669714,80.28178193241735,57.88539645975621
29.873352492073813,80.3241490707534,57.883990073174196
29.909340327450483,80.3666048788981,57.88243010581097
29.945328162827156,80.4091482180302,57.88071853016494
29.981315998203826,80.45177793655097,57.878857340865764
30.0173038335805,80.49449287019236,57.87684855448706
30.053291668957172,80.5372918421268,57.87469420935623
30.08927950433384,80.58017366307871,57.87239636536122
30.125267339710515,80.62313713143777,57.86995710375441
30.161255175087188,80.6661810333739,57.86737852695349
30.197243010463858,80.7093041429539,57.86466275833939
30.23323084584053,80.75250522225966,57.86181194205144
30.269218681217204,80.79578302150833,57.85882824277948
30.305206516593874,80.83913627917377,57.855713845553176
30.341194351970547,80.88256372211004,57.852470955528496
30.377182187347216,80.92606406567609,57.84910179777132
30.41317002272389,80.96963601386256,57.84560861703824
30.449157858100563,81.01327825941974,57.84199367755459
30.485145693477232,81.05698948398746,57.83825926278966
30.521133528853905,81.10076835822645,57.83440767522921
30.55712136423058,81.1446135419511,57.830441236145184
30.593109199607248,81.18852368426424,57.8263622853628
30.62909703498392,81.23249742369295,57.82217318102485
30.665084870360594,81.27653338832627,57.817876299353415
30.701072705737264,81.32063019595431,57.81347403440888
30.737060541113937,81.36478645420884,57.808968797846354
30.773048376490607,81.4090007607055,57.804363018669505
30.80903621186728,81.45327170318734,57.79965914298173
30.845024047243953,81.49759785967,57.79485963373493
30.881011882620623,81.54197779858819,57.78996697047559
30.916999717997296,81.58641007894377,57.78498364908845
30.95298755337397,81.63089325045512,57.77991218153771
30.98897538875064,81.675425853708,57.77475509560568
31.024963224127312,81.7200064203079,57.7695149346291
31.060951059503985,81.76463347303354,57.76419425723306
31.096938894880655,81.80930552599196,57.75879563706243
31.132926730257328,81.85402108477491,57.75332166251107
31.168914565633997,81.89877864661653,57.74777493644866
31.20490240101067,81.94357670055241,57.742158075945184
31.240890236387344,81.98841372757988,57.73647371199329
31.276878071764013,82.03328820081974,57.73072448922822
31.312865907140687,82.07819858567913,57.72491306564567
31.34885374251736,82.12314334001576,57.7190421123174
31.38484157789403,82.1681209143032,57.71311431310475
31.420829413270702,82.21312975179777,57.70713236436992
31.456817248647376,82.25816828870617,57.70109897468524
31.492805084024045,82.30323495435465,57.69501686454039
31.52879291940072,82.34832817135931,57.688888766047505
31.564780754777388,82.39344635579734,57.6827174226443
31.60076859015406,82.43858791737966,57.67650558879527
31.636756425530734,82.48375125962455,57.67025602969087
31.672744260907404,82.52893478003244,57.66397152094482
31.708732096284077,82.57413687026174,57.657654848289546
31.74471993166075,82.61935591630571,57.651308807269714
31.78070776703742,82.66459029867052,57.644936202934005
31.816695602414093,82.7098383925542,57.63853984952505
31.852683437790766,82.75509856802667,57.63212257016767
31.888671273167436,82.80036919021069,57.62568719655532
31.92465910854411,82.84564861946399,57.619236568634925
31.96064694392078,82.890935211562,57.61277353429
31.99663477929745,82.93622731788189,57.60630094902219
32.032622614674125,82.98152328558729,57.599821675631226
32.0686104500508,83.02682145781394,57.59333858389324
32.10459828542747,83.07212017385635,57.58685455023773
32.140586120804144,83.11741776935509,57.58037245742288
32.17657395618081,83.16271257648516,57.57389519420953
32.212561791557484,83.20800292414498,57.56742565503365
32.24854962693416,83.25328713814625,57.560966739677596
32.28453746231082,83.29856354140465,57.5545213529398
32.320525297687496,83.34383045413117,57.548092404303354
32.35651313306417,83.38908619402423,57.54168280760322
32.39250096844084,83.43432907646257,57.53529548069223
32.428488803817515,83.47955741469872,57.528933345105884
32.46447663919419,83.52476952005318,57.522599325726034
32.50046447457086,83.56996370210933,57.51629635044339
32.536452309947535,83.61513826890882,57.51002734981893
32.5724401453242,83.66029152714768,57.50379525674437
32.608427980700874,83.705421782373,57.4976030061015
32.64441581607755,83.75052733918004,57.49145353442059
32.68040365145421,83.79560650141008,57.48534977953796
32.71639148683089,83.84065757234869,57.47929468025245
32.75237932220756,83.8856788549244,57.47329117598125
32.78836715758423,83.93066865190801,57.46734220641477
32.824354992960906,83.97562526611223,57.4614507111708
32.86034282833758,84.02054700059188,57.4556196294479
32.89633066371425,84.06543215884423,57.449851899678116
32.932318499090925,84.11027904501009,57.444150459178985
32.96830633446759,84.15508596407491,57.438518243805
33.004294169844265,84.19985122207046,57.43295818759842
33.04028200522094,84.24457312627668,57.42747322243958
33.076269840597604,84.2892499854239,57.42206627769669
33.11225767597428,84.33388010989526,57.41674027987515
33.14824551135095,84.3784618119295,57.411498152266475
33.18423334672762,84.42299340582373,57.40634281459685
33.2202211821043,84.46747320813667,57.40127718267529
33.25620901748097,84.51189953789188,57.39630416804156
33.29219685285764,84.55627071678123,57.391426677613815
33.328184688234316,84.6005850693684,57.38664761333601
33.36417252361098,84.64484092329263,57.38196987182515
33.400160358987655,84.6890366094724,57.377396344018386
33.43614819436433,84.73317046230922,57.37292991482006
33.472136029740994,84.77724081989146,57.36857346274868
33.50812386511767,84.82124602419823,57.3643298595838
33.54411170049434,84.86518442130317,57.36020197001308
33.580099535871014,84.90905436157813,57.35619265127935
33.61608737124769,84.95285419989703,57.3523047528277
33.65207520662436,84.99658229583935,57.34854111595292
33.68806304200103,85.04023701389369,57.344904573446925
33.72405087737771,85.08381672366113,57.341397949246605
33.76003871275437,85.12731980005836,57.338024058081814
33.796026548131046,85.17074462352082,57.334785705123785
33.83201438350772,85.21408958020537,57.33168568563384
33.868002218884385,85.25735306219292,57.32872678461258
33.90399005426106,85.30053346769076,57.32591177644944
33.93997788963773,85.34362920123449,57.32324342457277
33.975965725014404,85.38663867388979,57.32072448110058
34.01195356039108,85.42956030345381,57.318357686491574
34.04794139576775,85.47239251465615,57.31614576919712
34.083929231144424,85.5151337393595,57.31409144531367
34.1199170665211,85.55778241675986,57.31219741823595
34.15590490189776,85.6003369935864,57.31046637831093
34.191892737274436,85.64279592430074,57.308901002492554
34.22788057265111,85.6851576712958,57.307503953997276
34.263868408027776,85.72742070509419,57.30627788196052
34.29985624340445,85.76958350454606,57.305225421094036
34.33584407878112,85.8116445570263,57.304349191344194
34.371831914157795,85.8536023586313,57.30365179755131
34.40781974953447,85.89545541437501,57.30313582911003
34.44380758491114,85.93720223838437,57.302803859630714
34.479795420287815,85.97884135409426,57.30265844660207
34.51578325566449,86.02037129444143,57.30270213105486
34.551771091041154,86.06179060205812,57.30293743722688
34.58775892641783,86.10309782946467,57.30336687222917
34.6237467617945,86.14429153926156,57.30399292571349
34.659734597171166,86.18537030432049,57.30481806954123
34.69572243254784,86.22633270797488,57.305844757453556
34.73171026792451,86.26717734420937,57.307075424743154
34.767698103301186,86.30790281784863,57.308512487927246
34.80368593867786,86.34850774474512,57.31015834442232
34.83967377405453,86.38899075196609,57.31201537222018
34.875661609431205,86.42935047797968,57.31408592956582
34.91164944480788,86.46958557283996,57.31637235463674
34.947637280184544,86.50969469837106,57.31887696522402
34.98362511556122,86.54967652835037,57.32160205841511
35.01961295093789,86.5895297486907,57.32454991027835
35.05560078631456,86.62925305762121,57.3277227755493
35.09158862169123,86.66884516586772,57.331122887318884
35.1275764570679,86.70830479683146,57.33475245672344
35.163564292444576,86.74763068676695,57.338613672636676
35.19955212782125,86.78682158495883,57.34270870136357
35.23553996319792,86.82587625389726,57.3470396863363
35.271527798574596,86.86479346945251,57.35160874781218
35.30751563395127,86.90357202104792,57.356417982573674
35.343503469327935,86.94221071183206,57.361469463630556
35.37949130470461,86.98070835884937,57.36676523992422
35.41547914008128,87.01906379320961,57.372307336034176
35.45146697545795,87.057275860256,57.37809775188675
35.48745481083462,87.09534341973213,57.38413846246618
35.52344264621129,87.13326534594742,57.39043141752784
35.55943048158797,87.17104052794132,57.39697854131401
35.59541831696464,87.20866786964598,57.403781732271895
35.63140615234131,87.24614629004773,57.41084286277417
35.667393987717986,87.28347472334698,57.41816377884187
35.70338182309466,87.32065211911672,57.42574629987001
35.739369658471325,87.35767744245945,57.433592218355464
35.775357493848,87.3945496741629,57.44170329962766
35.81134532922467,87.43126781085392,57.45008128158179
35.84733316460134,87.46783086515099,57.458727874414656
35.88332099997801,87.50423786581516,57.4676447603633
35.919308835354684,87.54048785789942,57.47683359344627
35.95529667073136,87.57657990289644,57.486295999207705
35.99128450610803,87.61251307888476,57.496033574464214
36.027272341484704,87.64828648067319,57.50604788705457
36.06326017686138,87.68389921994378,57.516340475592315
36.09924801223805,87.71935042539288,57.52691284922127
36.135235847614716,87.75463924287064,57.537766487373936
36.17122368299139,87.78976483551884,57.548902839532964
36.20721151836806,87.82472638390671,57.56032332499553
36.24319935374473,87.85952308616532,57.57202933264089
36.2791871891214,87.89415415812007,57.58402222070087
36.315175024498075,87.92861883342115,57.59630331653361
36.35116285987475,87.96291636367263,57.608873916400356
36.38715069525142,87.99704601855933,57.62173528524548
36.423138530628094,88.03100708597199,57.63488865647972
36.45912636600477,88.06479887213061,57.64833523176664
36.49511420138144,88.09842070170572,57.66207618081242
36.53110203675811,88.13187191793799,57.676112641158866
36.56708987213478,88.16515188275565,57.69044571797988
36.60307770751145,88.1982599768902,57.70507648388119
36.63906554288812,88.2311955999899,57.7200059787036
36.67505337826479,88.26395817073154,57.735235209329545
36.711041213641465,88.29654712693001,57.75076514949328
36.74702904901814,88.32896192564596,57.76659673959437
36.78301688439481,88.36120204329134,57.78273088651487
36.819004719771485,88.39326697573303,57.79916846343997
36.85499255514816,88.42515623839418,57.815910309682266
36.89098039052483,88.45686936635373,57.83295723050958
36.9269682259015,88.48840591444355,57.85030999697653
36.96295606127817,88.5197654573437,57.86796934575966
36.99894389665484,88.55094758967545,57.88593597899633
37.03493173203151,88.5819519260921,57.90421056412727
37.07091956740818,88.61277810136778,57.922793733742985
37.106907402784856,88.64342577048393,57.94168608543381
37.14289523816153,88.67389460871365,57.96088818164385
37.1788830735382,88.7041843117038,57.98040054952873
37.214870908914875,88.734294595555,58.000223680817186
37.25085874429155,88.76422519689922,58.0203580316765
37.28684657966822,88.79397587297524,58.040804022581916
37.32283441504489,88.82354640170176,58.06156203818991
37.35882225042156,88.85293658174835,58.08263242721546
37.394810085798234,88.88214623260394,58.10401550231319
37.4307979211749,88.91117519464319,58.12571153996265
37.46678575655157,88.94002332919035,58.1477207803575
37.502773591928246,88.96869051858098,58.170043427298786
37.53876142730492,88.9971766662212,58.19267964809221
37.57474926268159,89.02548169664456,58.215629573449554
37.610737098058266,89.05360555556675,58.23889329739422
37.64672493343494,89.08154820993762,58.26247087717075
37.68271276881161,89.10930964799107,58.28636233315864
37.71870060418828,89.13688987929243,58.310567648790254
37.75468843956495,89.16428893478343,58.33508677047288
37.790676274941625,89.19150686682477,58.35991960751502
37.82666411031829,89.21854374923626,58.3850660320569
37.862651945694964,89.24539967733443,58.410525879005206
37.89863978107164,89.27207476796794,58.436298945972005
37.93462761644831,89.29856915955011,58.46238499321804
37.97061545182498,89.32488301208943,58.488783743600194
38.006603287201656,89.35101650721728,58.51549488252336
38.04259112257833,89.3769698482133,58.542518057896494
38.078578957954996,89.40274326002819,58.569852880093116
38.11456679333167,89.42833698930409,58.59749892191605
38.15055462870834,89.45375130439237,58.62545571856658
38.186542464085015,89.47898649536893,58.653722767617936
38.22253029946169,89.50404287404703,58.68229952899319
38.258518134838354,89.52892077398741,58.71118542494748
38.29450597021503,89.55362055050611,58.740379840054736
38.3304938055917,89.57814258067957,58.769882121198705
38.366481640968374,89.6024872633472,58.79969157756847
38.40246947634505,89.62665501911151,58.82980748065839
38.43845731172172,89.65064629033546,58.86022906427247
38.474445147098386,89.67446154113742,58.890955524533176
38.51043298247506,89.6981012573836,58.921986019894746
38.54642081785173,89.72156594667759,58.953319671160926
38.582408653228406,89.7448561383477,58.984955561507206
38.61839648860508,89.76797238343147,59.01689273650753
38.654384323981745,89.79091525465766,59.04913020416551
38.69037215935842,89.81368534642564,59.08166693495011
38.72635999473509,89.83628327478222,59.11450186183583
38.762347830111764,89.85870967739572,59.147633880347485
38.79833566548844,89.88096521352772,59.18106184860929
38.83432350086511,89.90305056400194,59.21478458739871
38.87031133624178,89.92496643117059,59.24880088020463
38.90629917161845,89.94671353887826,59.283109473290175
38.94228700699512,89.9682926324229,59.31770907575994
38.978274842371796,89.98970447851451,59.35259835963188
39.01426267774847,90.01094986523094,59.38777595991355
39.050250513125135,90.0320296019713,59.42324047468307
39.08623834850181,90.05294451940662,59.45899046517446
39.12222618387848,90.07369546942792,59.495024455867586
39.158214019255155,90.09428332509168,59.53134093458258
39.19420185463183,90.11470898056274,59.56793835257883
39.2301896900085,90.13497335105453,59.60481512465848
39.26617752538517,90.15507737276664,59.64196962927443
39.30216536076184,90.17502200281999,59.67940020864288
39.338153196138514,90.19480821918911,59.717105168860364
39.37414103151519,90.21443702063208,59.75508278002531
39.41012886689186,90.23390942661766,59.79333127636408
39.446116702268526,90.25322647724991,59.83184885636156
39.4821045376452,90.27238923319032,59.87063368289623
39.51809237302187,90.29139877557716,59.90968388337964
39.554080208398545,90.31025620594232,59.948997549900504
39.59006804377522,90.32896264612558,59.98857273937315
39.62605587915189,90.34751923818638,60.02840747369052
39.66204371452856,90.36592714431279,60.06849973988157
39.69803154990523,90.38418754672817,60.108847490273156
39.734019385281904,90.40230164759511,60.14944864265635
39.77000722065858,90.42027066891683,60.19030108045715
39.80599505603525,90.4380958524361,60.231402652911655
39.84198289141192,90.4557784595315,60.27275117524568
39.87797072678859,90.47331977111128,60.31434442885866
39.91395856216526,90.49072108750457,60.35618016151202
39.949946397541936,90.5079837283501,60.39825608752191
39.98593423291861,90.52510903248246,60.44056988795626
40.02192206829528,90.54209835781583,60.4831192108362
40.05790990367195,90.55895308122507,60.525901671341856
40.09389773904862,90.57567459842457,60.56891485202238
40.129885574425295,90.59226432384443,60.61215630301034
40.16587340980197,90.60872369050419,60.65562354224032
40.20186124517864,90.62505414988419,60.699314055671934
40.23784908055531,90.64125717179434,60.743225297516894
40.27383691593198,90.65733424424062,60.7873546904705
40.30982475130865,90.67328687328893,60.83169962594719
40.34581258668533,90.68911658292674,60.87625746432039
40.381800422062,90.70482491492217,60.92102553516649
40.41778825743867,90.7204134286807,60.966001137512976
40.45377609281534,90.73588370109955,61.011181540090746
40.48976392819201,90.7512373264197,61.0565639815905
40.525751763568685,90.76647591607535,61.1021456709232
40.56173959894536,90.78160109854133,61.14792378748468
40.59772743432203,90.7966145191779,61.19389548142423
40.6337152696987,90.8115178400734,61.240057873917245
40.66970310507537,90.82631273988451,61.28640805744192
40.705690940452044,90.84100091367428,61.33294309605977
40.74167877582872,90.85558407274767,61.37966002570035
40.77766661120539,90.87006394448517,61.426555854449646
40.81365444658206,90.88444227217387,61.47362756284258
40.84964228195873,90.89872081483638,61.520872104159245
40.8856301173354,90.91290134705761,61.56828640472513
40.921617952712076,90.92698565880917,61.615867364215
40.95760578808875,90.94097555527178,61.663611855960774
40.99359362346542,90.95487285665534,61.71151672726297
41.02958145884209,90.96867939801689,61.75957879970605
41.06556929421876,90.98239702907652,61.807794869477426
41.101557129595435,90.99602761403096,61.8561617076901
41.13754496497211,91.00957303136522,61.904676060709015
41.17353280034878,91.02303517366211,61.953334650481
41.209520635725454,91.03641594740967,62.002134174868345
41.24550847110212,91.04971727280648,62.051071307985865
41.28149630647879,91.0629410835651,62.100142700541596
41.317484141855466,91.07608932671326,62.14934498018081
41.35347197723214,91.08916396239329,62.198674751833735
41.38945981260881,91.10216696365943,62.24812859806648
41.42544764798548,91.11510031627316,62.29770307943547
41.46143548336215,91.12796601849669,62.347394734845274
41.497423318738825,91.1407660808845,62.397200081909595
41.5334111541155,91.15350252607288,62.44711561731577
41.56939898949217,91.16617738856777,62.49713781719232
41.605386824868845,91.1787927145306,62.54726313747985
41.64137466024551,91.19135056156226,62.59748801430508
41.677362495622184,91.2038529984855,62.647808864358076
41.71335033099886,91.21630210512527,62.698222085272434
41.74933816637553,91.22869997208734,62.74872405600872
41.7853260017522,91.24104870053534,62.79931113724085
41.82131383712887,91.25335040196589,62.84997967174541
41.85730167250554,91.26560719798204,62.90072598479408
41.893289507882216,91.27782122006522,62.95154638454876
41.92927734325889,91.28999460934521,63.00243716245976
41.96526517863556,91.30212951636884,63.05339459366673
42.001253014012235,91.31422810086676,63.10441493740231
42.0372408493889,91.32629253151882,63.15549443739872
42.073228684765574,91.33832498571783,63.2066293222969
42.10921652014225,91.35032764933176,63.2578158060583
42.14520435551892,91.3623027164645,63.3090500883794
42.181192190895594,91.374252389215,63.36032835510876
42.21718002627226,91.38617887743509,63.411646778666515
42.25316786164893,91.39808439848579,63.463001518466584
42.289155697025606,91.40997117699223,63.51438872134102
42.32514353240228,91.4218414445971,63.56580452196701
42.36113136777895,91.43369743971296,63.61724504329613
42.397119203155626,91.44554140727288,63.66870639698591
42.43310703853229,91.45737559848016,63.720184683833686
42.469094873908965,91.46920227055642,63.771675994212615
42.50508270928564,91.48102368648867,63.82317640850999
42.54107054466231,91.49284211477502,63.87468199756746
42.577058380038984,91.50465982916933,63.926188823123596
42.61304621541565,91.51647910842448,63.977692938258244
42.649034050792324,91.52830223603475,64.02919038783905
42.685021886169,91.54013149997685,64.08067720896976
42.72100972154567,91.55196919245,64.1321494314405
42.75699755692234,91.56381760961497,64.18360307817991
42.792985392299016,91.57567905133189,64.23503416570895
42.82897322767568,91.58755582089736,64.28643870459653
42.864961063052355,91.59945022478038,64.3378126999169
42.90094889842903,91.6113645723573,64.38915215170843
42.9369367338057,91.62330117564605,64.44045305543428
42.972924569182375,91.6352623490393,64.49171140244434
43.00891240455904,91.64725040903687,64.54292318043883
43.044900239935714,91.6592676739773,64.59408437393331
43.08088807531239,91.6713164637685,64.64519096472495
43.11687591068906,91.6833990996179,64.69623893236023
43.152863746065734,91.69551790376153,64.7472242546039
43.18885158144241,91.70767519919266,64.79814290790925
43.22483941681907,91.71987330938965,64.84899086788928
43.260827252195746,91.73211455804318,64.89976410978937
43.29681508757242,91.74440126878275,64.95045860896064
43.33280292294909,91.7567357649029,65.00107034133462
43.368790758325765,91.76912036908851,65.05159528389868
43.40477859370243,91.7815574031398,65.10202941517245
43.440766429079105,91.7940491876968,65.15236871568513
43.47675426445578,91.80659804196335,65.20260916845345
43.51274209983245,91.81920628343065,65.25274675946052
43.548729935209124,91.83187622760047,65.3027774781353
43.5847177705858,91.84461018770787,65.35269731783268
43.62070560596246,91.85741047444384,65.40250227631417
43.65669344133914,91.8702793956773,65.45218835622913
43.69268127671581,91.88321925617716,65.50175156559642
43.72866911209248,91.89623235733387,65.55118791828643
43.764656947469156,91.90932099688104,65.60049343450356
43.80064478284582,91.92248746861651,65.64966414126891
43.836632618222495,91.93573406212384,65.69869607290327
43.87262045359917,91.94906306249304,65.74758527151026
43.90860828897584,91.96247675004173,65.79632778745955
43.944596124352515,91.9759774000361,65.84491967987027
43.98058395972919,91.98956728241171,65.89335701709436
44.016571795105854,92.00324866149461,65.94163587719983
44.05255963048253,92.0170237957222,65.98975234845402
44.0885474658592,92.03089493736448,66.03770252980667
44.12453530123587,92.04486433224515,66.08548253137272
44.16052313661255,92.05893421946317,66.13308847491486
44.19651097198921,92.0731068311141,66.18051649432584
44.232498807365886,92.08738439201215,66.2277627361103
44.26848664274256,92.10176911941208,66.27482335986612
44.30447447811923,92.11626322273162,66.32169453876539
44.340462313495905,92.13086890327406,66.36837246003472
44.37645014887258,92.14558835395144,66.41485332543502
44.412437984249244,92.1604237590078,66.46113335174041
44.44842581962592,92.17537729374311,66.50720877121678
44.48441365500259,92.19045112423757,66.55307583209903
44.520401490379264,92.20564740707637,66.59873079906797
44.55638932575594,92.22096828907505,66.64416995372598
44.5923771611326,92.23641590700532,66.68938959507182
44.628364996509276,92.2519923873216,66.73438603997442
44.66435283188595,92.26769984588798,66.77915562364564
44.70034066726262,92.28354038770613,66.82369470011169
44.736328502639296,92.29951610664361,66.86799964268357
44.77231633801597,92.31562908516311,66.91206684442619
44.808304173392635,92.33188139405235,66.9558927186261
44.84429200876931,92.34827509215475,66.99947369925798
44.88027984414598,92.36481222610107,67.04280624144953
44.916267679522655,92.38149483004167,67.08588682194507
44.95225551489933,92.39832492538002,67.12871193956737
44.988243350275994,92.41530452050662,67.17127811567815
45.02423118565267,92.43243561053447,67.21358189463665
45.06021902102934,92.44972017703503,67.2556198442566
45.09620685640601,92.4671601877755,67.29738855626154
45.132194691782686,92.48475759645713,67.33888464673797
45.16818252715936,92.50251434245442,67.38010475658702
45.204170362536026,92.52043235055571,67.42104555197383
45.2401581979127,92.53851353070479,67.46170372477519
45.27614603328937,92.55675977774368,67.50207599302482
45.312133868666045,92.57517297115669,67.54215910135687
45.34812170404272,92.59375497481572,67.58194982144695
45.384109539419384,92.61250763672689,67.6214449524511
45.42009737479606,92.6314327887784,67.66064132144247
45.45608521017273,92.65053224648977,67.69953578384548
45.492073045549404,92.6698078087626,67.73812522386784
45.52806088092608,92.68926125763255,67.77640655492985
45.56404871630275,92.70889435802286,67.81437672009142
45.600036551679416,92.72870885749947,67.8520326924763
45.63602438705609,92.7487064860274,67.88937147569389
45.67201222243276,92.76888895572893,67.92639010425823
45.708000057809436,92.78925796064317,67.96308564400422
45.74398789318611,92.8098151764874,67.99945519250127
45.779975728562775,92.83056226041992,68.03549587946385
45.81596356393945,92.85150085080471,68.07120486715928
45.85195139931612,92.87263256697757,68.10657935081254
45.887939234692794,92.89395900901432,68.14161655900803
45.92392707006947,92.91548175750049,68.17631375408834
45.95991490544614,92.93720237330291,68.21066823254979
45.99590274082281,92.9591223973432,68.24467732543503
46.03189057619948,92.98124335037298,68.27833839872204
46.06787841157615,93.0035667327511,68.31164885371025
46.103866246952826,93.02609402422272,68.34460612740308
46.1398540823295,93.04882668370033,68.3772076928872
46.175841917706165,93.07176614904682,68.40945105970826
46.21182975308284,93.09491383686057,68.44133377424335
46.24781758845951,93.11827114226237,68.47285342006964
46.283805423836185,93.14183943868474,68.50400761832962
46.31979325921286,93.16562007766314,68.53479402809275
46.35578109458953,93.1896143886293,68.56521034671313
46.3917689299662,93.2138236787068,68.59525431018382
46.42775676534287,93.23824923250886,68.62492369348709
46.463744600719544,93.26289231193817,68.65421631094094
46.49973243609622,93.2877541559892,68.68313001654172
46.53572027147289,93.31283598055253,68.7116627043028
46.571708106849556,93.33813897822174,68.73981230858925
46.60769594222623,93.36366431810244,68.76757680444861
46.6436837776029,93.3894131456237,68.79495420793735
46.679671612979575,93.41538658235191,68.82194257644332
46.71565944835625,93.44158572580702,68.8485400090042
46.75164728373292,93.4680116492812,68.87474464662137
46.78763511910959,93.49466540165996,68.90055467256981
46.82362295448626,93.52154800724583,68.9259683127036
46.859610789862934,93.54866046558448,68.95098383575699
46.89559862523961,93.57600375129338,68.97559955364115
46.93158646061628,93.60357881389308,68.99981382173641
46.96757429599295,93.63138657764105,69.02362503918015
47.00356213136962,93.6594279413682,69.04703164914991
47.03954996674629,93.68770377831781,69.07003213914221
47.075537802122966,93.71621493598758,69.09262504124649
47.11152563749964,93.74496223597384,69.11480893241452
47.14751347287631,93.77394647381891,69.13658243472514
47.18350130825298,93.8031684188609,69.15794421564414
47.21948914362965,93.83262881408653,69.17889298827944
47.255476979006325,93.86232837598646,69.19942751163141
47.291464814383,93.8922677944137,69.21954659083833
47.32745264975967,93.92244773244461,69.23924907741691
47.36344048513634,93.95286882624302,69.25853386949797
47.39942832051301,93.98353168492696,69.27739991205692
47.43541615588968,94.01443689043845,69.29584619713954
47.47140399126636,94.0455849974162,69.31387176408236
47.50739182664303,94.0769765330712,69.33147569972819
47.5433796620197,94.10861199706527,69.3486571386364
47.57936749739637,94.14049186139266,69.365415263288
47.61535533277304,94.17261657026467,69.38174930428576
47.651343168149715,94.2049865399971,69.39765854054866
47.68733100352639,94.23760215890101,69.41314229950149
47.72331883890306,94.27046378717642,69.42819995725888
47.75930667427973,94.30357175680899,69.44283093880415
47.7952945096564,94.33692637147004,69.45703471816259
47.831282345033074,94.37052790641944,69.4708108185696
47.86727018040975,94.40437660841181,69.48415881263317
47.90325801578642,94.43847269560584,69.4970783224909
47.93924585116309,94.47281635747674,69.5095690199618
47.97523368653976,94.5074077547319,69.52163062669217
48.01122152191643,94.5422470192298,69.5332629142962
48.047209357293106,94.57733425390208,69.54446570449088
48.08319719266978,94.61266953267886,69.55523886922528
48.11918502804645,94.64825290041742,69.5655823308043
48.15517286342312,94.68408437283395,69.5754960620066
48.19116069879979,94.72016393643887,69.58498008619694
48.227148534176465,94.75649154847507,69.59403447743279
48.26313636955314,94.79306713685989,69.60265936056516
48.29912420492981,94.82989060013011,69.61085491133366
48.335112040306484,94.86696180739045,69.61862135645588
48.37109987568315,94.90428059826533,69.62595897371074
48.40708771105982,94.94184678285407,69.6328680920162
48.443075546436496,94.9796601416895,69.63934909150105
48.47906338181317,95.01772042569976,69.64540240357074
48.51505121718984,95.05602735617386,69.65102851096749
48.55103905256651,95.09458062473033,69.65622794782425
48.58702688794318,95.13337989328946,69.66100129971286
48.623014723319855,95.17242479404894,69.66534920368632
48.65900255869653,95.21171492946297,69.6692723483149
48.6949903940732,95.25124987222482,69.67277147371637
48.730978229449875,95.29102916525287,69.67584737158022
48.76696606482654,95.33105232168003,69.67850088518584
48.802953900203214,95.37131882484692,69.68073290941456
48.83894173557989,95.41182812829813,69.68254439075594
48.87492957095656,95.4525796557824,69.6839363273075
48.91091740633323,95.49357280125602,69.68490976876892
48.9469052417099,95.53480692888988,69.68546581642967
48.98289307708657,95.57628137308009,69.68560562315082
49.018880912463246,95.61799543846195,69.68533039334066
49.05486874783992,95.6599483999276,69.68464138292418
49.09085658321659,95.70213950264727,69.68353989930638
49.126844418593265,95.74456796209387,69.68202730132947
49.16283225396993,95.78723296407134,69.68010499922394
49.198820089346604,95.83013366474643,69.67777445455346
49.23480792472328,95.87326919068411,69.67503718015352
49.27079576009995,95.9166386388865,69.67189474006406
49.306783595476624,95.96024107683539,69.66834874945573
49.34277143085329,96.00407554253833,69.66440087455014
49.37875926622996,96.04814104457833,69.66005283253381
49.414747101606636,96.09243656216702,69.65530639146594
49.45073493698331,96.13696104520153,69.65016337018007
49.48672277235998,96.18171341432485,69.6446256381794
49.522710607736656,96.2266925609898,69.63869511552606
49.55869844311332,96.2718973475266,69.63237377272408
49.594686278489995,96.317326607214,69.62566363059616
49.63067411386667,96.36297914435389,69.61856676015438
49.66666194924334,96.40885373434975,69.61108528246451
49.702649784620014,96.45494912378835,69.60322136850428
49.73863761999668,96.50126403052523,69.59497723901548
49.774625455373354,96.54779714377378,69.5863551643496
49.81061329075003,96.59454712419762,69.57735746430775
49.8466011261267,96.64151260400695,69.56798650797404
49.88258896150337,96.6886921870581,69.55824471354285
49.918576796880046,96.73608444895679,69.54813454814011
49.95456463225671,96.78368793716498,69.53765852763824
49.990552467633385,96.83150117111126,69.52681921646504
50.02654030301006,96.87952264230456,69.51561922740642
50.06252813838673,96.92775081445183,69.504061221403
50.098515973763405,96.97618412357875,69.49214790734062
50.13450380914007,97.02482097815442,69.47988204183473
50.170491644516744,97.07365975921927,69.46726642900862
50.20647947989342,97.12269882051652,69.45430392026576
50.24246731527009,97.1719364886273,69.44099741405583
50.278455150646764,97.22137106310905,69.42734985563496
50.31444298602344,97.27100081663758,69.41336423681966
50.3504308214001,97.32082399515252,69.39904359573492
50.386418656776776,97.3708388180062,69.38439101655638
50.42240649215345,97.4210434781161,69.36940962924614
50.45839432753012,97.47143614212064,69.35410260928312
50.494382162906795,97.5220149505384,69.33847317738706
50.53036999828346,97.57277801793094,69.32252459923676
50.566357833660135,97.62372343306875,69.30626018518242
50.60234566903681,97.67484925910081,69.28968328995208
50.63833350441348,97.72615353372747,69.27279731235217
50.674321339790154,97.77763426937669,69.25560569496214
50.71030917516683,97.82928945338365,69.23811192382355
50.74629701054349,97.88111704817373,69.22031952812301
50.78228484592017,97.9331149914488,69.20223207986962
50.81827268129684,97.98528119637675,69.18385319356646
50.85426051667351,98.03761355178452,69.16518652587662
50.890248352050186,98.09010992235415,69.14623577528326
50.92623618742685,98.14276814882243,69.1270046817441
50.962224022803525,98.19558604818337,69.10749702634048
50.9982118581802,98.24856141389441,69.08771663092047
51.03419969355687,98.30169201608541,69.06766735773667
51.070187528933545,98.35497560177103,69.0473531090783
51.10617536431022,98.40840989506643,69.02677782689796
51.142163199686884,98.46199259740581,69.00594549243269
51.17815103506356,98.51572138776442,68.98486012581968
51.21413887044023,98.56959392288343,68.96352578570671
51.2501267058169,98.62360783749811,68.94194656885689
51.28611454119358,98.67776074456901,68.92012660974841
51.32210237657024,98.7320502355162,68.89807008016858
51.358090211946916,98.78647388045653,68.87578118880313
51.39407804732359,98.84102922844396,68.85326418081965
51.43006588270026,98.89571380771298,68.83052333744635
51.466053718076935,98.95052512592474,68.80756297554541
51.50204155345361,99.00546067041648,68.78438744718119
51.538029388830275,99.06051790845358,68.76100113918348
51.57401722420695,99.11569428748476,68.73740847270561
51.61000505958362,99.17098723540002,68.71361390277767
51.645992894960294,99.2263941607915,68.68962191785458
51.68198073033697,99.28191245321722,68.6654370393595
51.71796856571363,99.33753948346745,68.64106382122213
51.753956401090306,99.39327260383419,68.61650684941232
51.78994423646698,99.44910914838309,68.59177074146886
51.82593207184365,99.50504643322824,68.56686014602354
51.861919907220326,99.56108175680976,68.54177974232047
51.897907742597,99.61721240017388,68.51653423973082
51.933895577973665,99.67343562725588,68.49112837726292
51.96988341335034,99.72974868516545,68.46556692306783
52.00587124872701,99.78614880447482,68.43985467394036
52.041859084103685,99.84263319950941,68.41399645481575
52.07784691948036,99.89919906864094,68.38799711826174
52.11383475485703,99.95584359458321,68.36186154396653
52.1498225902337,100.01256394469021,68.33559463822228
52.18581042561037,100.06935727125682,68.30920133340435
52.22179826098704,100.1262207118218,68.2826865874464
52.257786096363716,100.18315138947327,68.2560553833115
52.29377393174039,100.24014641315651,68.22931272845867
52.329761767117056,100.29720287798418,68.2024636543059
52.36574960249373,100.35431786554867,68.17551321568898
52.4017374378704,100.41148844423688,68.14846649031625
52.437725273247075,100.46871166954716,68.1213285782198
52.47371310862375,100.52598458440845,68.09410460120249
52.50970094400042,100.58330421950163,68.06679970228154
52.54568877937709,100.64066759358295,68.03941904512816
52.58167661475376,100.69807171380968,68.01196781350372
52.617664450130434,100.7555135760677,67.98445121069223
52.65365228550711,100.81299016530113,67.95687445892926
52.68964012088378,100.87049845584413,67.92924279882757
52.725627956260446,100.92803541175442,67.90156148879913
52.76161579163712,100.98559798714899,67.87383580447387
52.79760362701379,101.04318312654146,67.84607103811516
52.833591462390466,101.10078776518151,67.81827249803213
52.86957929776714,101.15840882939594,67.79044550798865
52.90556713314381,101.2160432369318,67.76259540660934
52.94155496852048,101.27368789730082,67.73472754678262
52.97754280389715,101.33133971212618,67.70684729506053
53.013530639273824,101.38899557549034,67.67896003105594
53.0495184746505,101.44665237428484,67.65107114683668
53.08550631002717,101.5043069885617,67.62318604631709
53.12149414540384,101.5619562918863,67.59531014464665
53.15748198078051,101.61959715169186,67.56744886759616
53.19346981615718,101.6772264296353,67.53960765094124
53.229457651533856,101.73484098195459,67.51179193984328
53.26544548691053,101.7924376598277,67.48400718822809
53.3014333222872,101.85001330973255,67.45625885816203
53.33742115766387,101.90756477380864,67.42855241922588
53.37340899304054,101.96508889021985,67.40089334788648
53.409396828417215,102.02258249351834,67.37328712686626
53.44538466379389,102.08004241500994,67.34573924451048
53.48137249917056,102.13746548312051,67.31825519415278
53.51736033454723,102.19484852376348,67.29084047347824
53.5533481699239,102.25218836070854,67.2635005838852
53.589336005300574,102.30948181595134,67.23624102984472
53.62532384067725,102.36672571008408,67.20906731825856
53.66131167605392,102.42391686266731,67.18198495781549
53.69729951143059,102.4810520926025,67.15499945834581
53.73328734680726,102.5381282185054,67.12811633017465
53.76927518218393,102.59514205908057,67.1013410834734
53.805263017560605,102.6520904334963,67.07467922761022
53.84125085293728,102.70897016176056,67.04813627049882
53.87723868831395,102.76577806509759,67.02171771794633
53.91322652369062,102.82251096632518,66.99542907299984
53.94921435906729,102.8791656902325,66.96927583529178
53.985202194443964,102.93573906395858,66.94326350038455
54.02119002982064,102.99222791737137,66.91739755911392
54.05717786519731,103.04862908344717,66.89168349693188
54.093165700573984,103.10493939865067,66.8661267932482
54.12915353595065,103.16115570331527,66.840732920772
54.16514137132732,103.21727484202387,66.81550734485201
54.201129206703996,103.27329366398982,66.79045552281667
54.23711704208067,103.3292090234384,66.76558290331363
54.27310487745734,103.38501777998829,66.74089492564879
54.30909271283401,103.44071679903337,66.71639701912513
54.34508054821068,103.49630295212467,66.69209460238118
54.381068383587355,103.55177311735224,66.66799308272944
54.41705621896403,103.6071241797274,66.64409785549448
54.4530440543407,103.66235303156462,66.62041430335137
54.489031889717374,103.71745657286371,66.59694779566382
54.52501972509404,103.77243171169167,66.57370368782274
54.56100756047071,103.8272753645646,66.55068732058471
54.59699539584739,103.88198445682931,66.5279040194111
54.63298323122406,103.93655592304478,66.50535909380733
54.66897106660073,103.99098670736333,66.48305783666251
54.7049589019774,104.04527376391152,66.46100552359003
54.74094673735407,104.09941405717072,66.43920741226813
54.776934572730745,104.15340456235708,66.4176687417818
54.81292240810742,104.20724226580143,66.39639473196489
54.84891024348409,104.26092416532823,66.37539058274356
54.884898078860765,104.3144472706345,66.35466147348023
54.92088591423743,104.3678086036677,66.33421256231884
54.956873749614104,104.42100519900322,66.31404898553104
54.99286158499078,104.4740341042212,66.2941758568636
55.02884942036745,104.52689238028265,66.27459826688703
55.06483725574412,104.57957710190455,66.25532128234556
55.10082509112079,104.63208535793453,66.23634994550852
55.13681292649746,104.68441425172446,66.21768927352318
55.172800761874136,104.73656090150311,66.19934425776911
55.20878859725081,104.78852244074801,66.18131986321437
55.24477643262748,104.84029601855616,66.16362102777308
55.280764268004155,104.8918788000139,66.14625266166519
55.31675210338082,104.94326796656543,66.12921964677778
55.352739938757495,104.99446071638049,66.11252683602862
55.38872777413417,105.04545426472058,66.09617905273144
55.42471560951084,105.09624584430418,66.08018108996369
55.460703444887514,105.14683270567063,66.06453770993616
55.49669128026418,105.19721211754262,66.04925364336505
55.53267911564085,105.2473813671874,66.03433358884642
55.568666951017526,105.29733776077664,66.01978221223294
55.6046547863942,105.34707862374465,66.00560414601331
55.64064262177087,105.39660130114532,65.99180398869409
55.676630457147546,105.44590315800738,65.97838630418437
55.71261829252421,105.49498157968813,65.96535562118311
55.748606127900885,105.54383397222551,65.95271643256928
55.78459396327756,105.59245776268853,65.94047319479493
55.82058179865423,105.64085039952596,65.9286303272813
55.856569634030905,105.68900935291322,65.91719221181783
55.89255746940757,105.73693211509747,65.90616319196457
55.928545304784244,105.78461620074103,65.89554757245743
55.96453314016092,105.8320591472625,65.8853496186171
56.00052097553759,105.8792585151763,65.87557355576116
56.03650881091426,105.92621188843015,65.86622356861953
56.072496646290936,105.97291687474033,65.85730380075366
56.1084844816676,106.01937110592506,65.84881835397913
56.144472317044276,106.06557223823575,65.8407712877921
56.18046015242095,106.1115179526859,65.83316661879932
56.21644798779762,106.15720595537806,65.8260083201521
56.252435823174295,106.20263397782831,65.81930032098411
56.28842365855096,106.24779977728859,65.81304650585315
56.324411493927634,106.29270113706664,65.80725071418709
56.36039932930431,106.33733586684359,65.80191673973364
56.39638716468098,106.38170180298897,65.7970483300147
56.432375000057654,106.4257968088736,65.79264918578468
56.46836283543433,106.46961877517961,65.78872296049329
56.50435067081099,106.51316562020808,65.7852732597527
56.540338506187666,106.5564352901842,65.7823036408092
56.57632634156434,106.59942575955945,65.77981761201947
56.61231417694101,106.64213503131158,65.77781863233133
56.648302012317686,106.68456113724147,65.77631011076942
56.68428984769435,106.72670213826737,65.7752954059254
56.720277683071025,106.76855612471651,65.77477782545323
56.7562655184477,106.81012121661362,65.77476062556914
56.79225335382437,106.8513955639667,65.77524701055675
56.828241189201044,106.89237734704989,65.7762401322772
56.86422902457772,106.9330647766833,65.77774308968422
56.900216859954384,106.97345609450994,65.77975892834485
56.93620469533106,107.01354957326964,65.78229063996476
56.97219253070773,107.05334351706965,65.78534116191949
57.0081803660844,107.09283626165248,65.78891337679075
57.044168201461076,107.13202617466037,65.79301011190822
57.08015603683774,107.17091165589655,65.797634138897
57.116143872214415,107.20949113758346,65.80278817323045
57.15213170759109,107.24776308461755,65.80847487378887
57.18811954296776,107.28572599482075,65.81469684242371
57.224107378344435,107.32337839918881,65.82145662352787
57.26009521372111,107.36071886213605,65.82875670361133
57.296083049097774,107.39774598173679,65.83659951088326
57.33207088447445,107.43445838996337,65.84498741483968
57.36805871985112,107.47085475292062,65.85392272585732
57.404046555227794,107.5069337710768,65.86340769479355
57.44003439060447,107.54269417949118,65.8734445125925
57.47602222598113,107.57813474803768,65.88403530989724
57.512010061357806,107.61325428162533,65.89518215666843
57.54799789673448,107.64805162041463,65.90688706180914
57.58398573211115,107.68252564003058,65.91915197279612
57.619973567487826,107.7166752517718,65.9319787753175
57.6559614028645,107.75049940281599,65.94536929291709
57.691949238241165,107.78399707642146,65.95932528664495
57.72793707361784,107.8171672921251,65.97384845471494
57.76392490899451,107.85000910593624,65.98894043216865
57.799912744371184,107.88252161052674,66.00460279054619
57.83590057974786,107.91470393541724,66.02083703756368
57.87188841512452,107.94655524715934,66.03764461679768
57.9078762505012,107.97807474951392,66.05502690737629
57.94386408587787,108.0092616836254,66.07298522367745
57.97985192125454,108.04011532819187,66.09152081503396
58.015839756631216,108.0706349996315,66.11063486544566
58.05182759200789,108.10082005224439,66.13032849329876
58.087815427384555,108.13066987837075,66.15060275109201
58.12380326276123,108.16018390854465,66.17145862517049
58.1597910981379,108.18936161164368,66.19289703546616
58.195778933514575,108.21820249503446,66.21491883524597
58.23176676889125,108.24670610471392,66.23752481086721
58.267754604267914,108.27487202544623,66.26071568154019
58.30374243964459,108.30269988089563,66.2844920990983
58.33973027502126,108.33018933375479,66.30885464777558
58.37571811039793,108.35734008586897,66.33380384399173
58.41170594577461,108.38415187835582,66.35934013614472
58.44769378115128,108.41062449172068,66.3854639044108
58.483681616527946,108.43675774596767,66.41217546055228
58.51966945190462,108.46255150070633,66.43947504773297
58.55565728728129,108.48800565525357,66.46736284034111
58.591645122657965,108.51312014873167,66.49583894382026
58.62763295803464,108.53789496016122,66.52490339450779
58.663620793411305,108.56233010855,66.55455615948125
58.69960862878798,108.58642565297714,66.58479713641248
58.73559646416465,108.61018169267273,66.61562615342972
58.771584299541324,108.63359836709297,66.64704296898748
58.807572134918,108.6566758559907,66.6790472717444
58.84355997029467,108.67941437948122,66.71163868044911
58.879547805671336,108.70181419810373,66.74481674383406
58.91553564104801,108.72387561287792,66.77858094051727
58.95152347642468,108.74559896535598,66.81293067891231
58.987511311801356,108.76698463767008,66.84786529714616
59.02349914717803,108.78803305257489,66.88338406298544
59.059486982554695,108.80874467348572,66.9194861737704
59.09547481793137,108.82912000451168,66.95617075635755
59.13146265330804,108.84915959048429,66.99343686706992
59.167450488684715,108.8688640169813,67.03128349165601
59.20343832406139,108.88823391034575,67.06970954525673
59.23942615943806,108.90726993770019,67.10871387238055
59.27541399481473,108.92597280695637,67.14829524688707
59.3114018301914,108.94434326681986,67.18845237197881
59.34738966556807,108.96238210679002,67.22918388020129
59.383377500944746,108.9800901571551,67.27048833345141
59.41936533632142,108.9974682889827,67.31236422299432
59.455353171698086,109.01451741410503,67.35480996948846
59.49134100707476,109.0312384850998,67.39782392301913
59.52732884245143,109.04763249526584,67.44140436314035
59.563316677828105,109.0637004785942,67.48554949892515
59.59930451320478,109.07944350973416,67.53025746902433
59.63529234858145,109.09486270395453,67.57552634173358
59.67128018395812,109.10995921709998,67.62135411506901
59.70726801933479,109.12473424554253,67.6677387168512
59.743255854711464,109.13918902612816,67.71467800479779
59.77924369008814,109.15332483611854,67.76216976662421
59.81523152546481,109.1671429931279,67.81021172015325
59.851219360841476,109.18064485505482,67.85880151343287
59.88720719621815,109.19383182000956,67.90793672486258
59.92319503159482,109.20670532623589,67.95761486332829
59.959182866971496,109.21926685202857,68.00783336834559
59.99517070234817,109.23151791564563,68.05858961021163
